0.jpg,bedroom
1.jpg,OpenCountry
10.jpg,Coast
11.jpg,Highway
12.jpg,bedroom
13.jpg,Coast
14.jpg,Highway
15.jpg,Forest
16.jpg,Forest
17.jpg,Street
18.jpg,Highway
19.jpg,Highway
2.jpg,bedroom
20.jpg,Highway
21.jpg,Highway
22.jpg,Highway
23.jpg,Highway
24.jpg,Highway
25.jpg,Insidecity
26.jpg,industrial
27.jpg,Highway
28.jpg,Street
29.jpg,livingroom
3.jpg,Coast
30.jpg,kitchen
31.jpg,Highway
32.jpg,Insidecity
33.jpg,OpenCountry
34.jpg,Highway
35.jpg,OpenCountry
36.jpg,OpenCountry
37.jpg,Highway
38.jpg,OpenCountry
39.jpg,industrial
4.jpg,Office
40.jpg,Highway
41.jpg,Highway
42.jpg,OpenCountry
43.jpg,kitchen
44.jpg,Insidecity
45.jpg,Office
46.jpg,livingroom
47.jpg,Coast
48.jpg,store
49.jpg,Street
5.jpg,Insidecity
50.jpg,Coast
51.jpg,bedroom
52.jpg,Highway
53.jpg,Coast
54.jpg,OpenCountry
55.jpg,Insidecity
56.jpg,Mountain
57.jpg,livingroom
58.jpg,Coast
59.jpg,OpenCountry
6.jpg,OpenCountry
60.jpg,livingroom
61.jpg,Mountain
62.jpg,Coast
63.jpg,livingroom
64.jpg,OpenCountry
65.jpg,OpenCountry
66.jpg,Forest
67.jpg,Mountain
68.jpg,industrial
69.jpg,Coast
7.jpg,OpenCountry
70.jpg,OpenCountry
71.jpg,Insidecity
72.jpg,Insidecity
73.jpg,Insidecity
74.jpg,Insidecity
75.jpg,OpenCountry
76.jpg,bedroom
77.jpg,Suburb
78.jpg,Street
79.jpg,Street
8.jpg,Coast
80.jpg,Street
81.jpg,Coast
82.jpg,Street
83.jpg,Street
84.jpg,Forest
85.jpg,Office
86.jpg,Coast
87.jpg,Insidecity
88.jpg,Suburb
89.jpg,Insidecity
9.jpg,industrial
90.jpg,OpenCountry
91.jpg,Coast
92.jpg,OpenCountry
93.jpg,Office
94.jpg,kitchen
95.jpg,Coast
96.jpg,OpenCountry
97.jpg,Office
98.jpg,TallBuilding
99.jpg,Office
